mse,rmse,mae,mape
0.07452815771102905,0.27299845734184847,0.2729984521865845,58.055805
